model,num_chains,avg_chain_size,coref_ratio_mean,coref_ratio_std,count
claude45,7.425925925925926,5.010426353481909,0.5867665229697744,0.19471490033315442,54
gpt4o,5.5,4.421222810111699,0.6606745603679605,0.19409934621624952,54
human,6.123456790123457,5.366600931647228,0.6847219490960798,0.13932357593543268,54
internvl3,7.314814814814815,4.593477767088878,0.5613517105366129,0.19439458658725864,54
llama4scout,5.962962962962963,4.394266741488964,0.6309086731379863,0.21040898229244542,54
qwen3vl,5.851851851851852,4.271700470311582,0.6195628909361335,0.17354224291350867,54
